id,vendor_product_id,url,alt,is_primary,sort_order,created_at
1,1,/harbinger/0b29ea0676908600a34f23d18779513a5877fe6f.jpg,Contract Series - Main Image,true,0,Sun Jan 18 2026 20:47:12 GMT-0800 (Pacific Standard Time)
2,2,/harbinger/0b29ea0676908600a34f23d18779513a5877fe6f.jpg,Contract Series - Main Image,true,0,Sun Jan 18 2026 20:47:12 GMT-0800 (Pacific Standard Time)
3,3,/harbinger/0b29ea0676908600a34f23d18779513a5877fe6f.jpg,Contract Series - Main Image,true,0,Sun Jan 18 2026 20:47:12 GMT-0800 (Pacific Standard Time)
4,4,/harbinger/0b29ea0676908600a34f23d18779513a5877fe6f.jpg,Contract Series - Main Image,true,0,Sun Jan 18 2026 20:47:12 GMT-0800 (Pacific Standard Time)
5,5,/harbinger/0b29ea0676908600a34f23d18779513a5877fe6f.jpg,Contract Series - Main Image,true,0,Sun Jan 18 2026 20:47:12 GMT-0800 (Pacific Standard Time)
6,6,/harbinger/0b29ea0676908600a34f23d18779513a5877fe6f.jpg,Contract Series - Main Image,true,0,Sun Jan 18 2026 20:47:12 GMT-0800 (Pacific Standard Time)
7,7,/harbinger/0b29ea0676908600a34f23d18779513a5877fe6f.jpg,Contract Series - Main Image,true,0,Sun Jan 18 2026 20:47:12 GMT-0800 (Pacific Standard Time)
8,8,/harbinger/0b29ea0676908600a34f23d18779513a5877fe6f.jpg,Contract Series - Main Image,true,0,Sun Jan 18 2026 20:47:13 GMT-0800 (Pacific Standard Time)
9,9,/harbinger/0b29ea0676908600a34f23d18779513a5877fe6f.jpg,Contract Series - Main Image,true,0,Sun Jan 18 2026 20:47:13 GMT-0800 (Pacific Standard Time)
10,10,/harbinger/0b29ea0676908600a34f23d18779513a5877fe6f.jpg,Contract Series - Main Image,true,0,Sun Jan 18 2026 20:47:13 GMT-0800 (Pacific Standard Time)
11,11,/harbinger/0b29ea0676908600a34f23d18779513a5877fe6f.jpg,Contract Series - Main Image,true,0,Sun Jan 18 2026 20:47:13 GMT-0800 (Pacific Standard Time)
12,12,/harbinger/0b29ea0676908600a34f23d18779513a5877fe6f.jpg,Contract Series - Main Image,true,0,Sun Jan 18 2026 20:47:13 GMT-0800 (Pacific Standard Time)
13,13,/harbinger/0b29ea0676908600a34f23d18779513a5877fe6f.jpg,Contract Series - Main Image,true,0,Sun Jan 18 2026 20:47:13 GMT-0800 (Pacific Standard Time)
14,14,/harbinger/4e68febef7b8383f24cd653644b3eb7682c87e05.png,Craftsman Series Main Image.png,true,0,Sun Jan 18 2026 20:47:14 GMT-0800 (Pacific Standard Time)
15,15,/harbinger/4e68febef7b8383f24cd653644b3eb7682c87e05.png,Craftsman Series Main Image.png,true,0,Sun Jan 18 2026 20:47:14 GMT-0800 (Pacific Standard Time)
16,16,/harbinger/4e68febef7b8383f24cd653644b3eb7682c87e05.png,Craftsman Series Main Image.png,true,0,Sun Jan 18 2026 20:47:14 GMT-0800 (Pacific Standard Time)
17,17,/harbinger/4e68febef7b8383f24cd653644b3eb7682c87e05.png,Craftsman Series Main Image.png,true,0,Sun Jan 18 2026 20:47:15 GMT-0800 (Pacific Standard Time)
18,18,/harbinger/4e68febef7b8383f24cd653644b3eb7682c87e05.png,Craftsman Series Main Image.png,true,0,Sun Jan 18 2026 20:47:15 GMT-0800 (Pacific Standard Time)
19,19,/harbinger/4e68febef7b8383f24cd653644b3eb7682c87e05.png,Craftsman Series Main Image.png,true,0,Sun Jan 18 2026 20:47:15 GMT-0800 (Pacific Standard Time)
20,20,/harbinger/4e68febef7b8383f24cd653644b3eb7682c87e05.png,Craftsman Series Main Image.png,true,0,Sun Jan 18 2026 20:47:15 GMT-0800 (Pacific Standard Time)
21,21,/harbinger/4e68febef7b8383f24cd653644b3eb7682c87e05.png,Craftsman Series Main Image.png,true,0,Sun Jan 18 2026 20:47:15 GMT-0800 (Pacific Standard Time)
22,22,/harbinger/4e68febef7b8383f24cd653644b3eb7682c87e05.png,Craftsman Series Main Image.png,true,0,Sun Jan 18 2026 20:47:15 GMT-0800 (Pacific Standard Time)
23,23,/harbinger/4e68febef7b8383f24cd653644b3eb7682c87e05.png,Craftsman Series Main Image.png,true,0,Sun Jan 18 2026 20:47:15 GMT-0800 (Pacific Standard Time)
24,24,/harbinger/4e68febef7b8383f24cd653644b3eb7682c87e05.png,Craftsman Series Main Image.png,true,0,Sun Jan 18 2026 20:47:15 GMT-0800 (Pacific Standard Time)
25,25,/harbinger/4e68febef7b8383f24cd653644b3eb7682c87e05.png,Craftsman Series Main Image.png,true,0,Sun Jan 18 2026 20:47:15 GMT-0800 (Pacific Standard Time)
26,26,/harbinger/4e68febef7b8383f24cd653644b3eb7682c87e05.png,Craftsman Series Main Image.png,true,0,Sun Jan 18 2026 20:47:16 GMT-0800 (Pacific Standard Time)
27,27,/harbinger/4e68febef7b8383f24cd653644b3eb7682c87e05.png,Craftsman Series Main Image.png,true,0,Sun Jan 18 2026 20:47:16 GMT-0800 (Pacific Standard Time)
28,28,/harbinger/4e68febef7b8383f24cd653644b3eb7682c87e05.png,Craftsman Series Main Image.png,true,0,Sun Jan 18 2026 20:47:16 GMT-0800 (Pacific Standard Time)
29,29,/harbinger/4e68febef7b8383f24cd653644b3eb7682c87e05.png,Craftsman Series Main Image.png,true,0,Sun Jan 18 2026 20:47:16 GMT-0800 (Pacific Standard Time)
30,30,/harbinger/4e68febef7b8383f24cd653644b3eb7682c87e05.png,Craftsman Series Main Image.png,true,0,Sun Jan 18 2026 20:47:16 GMT-0800 (Pacific Standard Time)
31,31,/harbinger/4e68febef7b8383f24cd653644b3eb7682c87e05.png,Craftsman Series Main Image.png,true,0,Sun Jan 18 2026 20:47:16 GMT-0800 (Pacific Standard Time)
32,32,/harbinger/4e68febef7b8383f24cd653644b3eb7682c87e05.png,Craftsman Series Main Image.png,true,0,Sun Jan 18 2026 20:47:16 GMT-0800 (Pacific Standard Time)
33,33,/harbinger/4e68febef7b8383f24cd653644b3eb7682c87e05.png,Craftsman Series Main Image.png,true,0,Sun Jan 18 2026 20:47:16 GMT-0800 (Pacific Standard Time)
458,34,/harbinger/b4792c64b2ec23a48d1f688a3c154563fe043de3.png,Hampton Greige,true,0,Sun Jan 18 2026 22:12:56 GMT-0800 (Pacific Standard Time)
459,34,/harbinger/629cb9b678c7601ac381e1720459ffedd2b68c2e.jpg,Hampton Greige,false,1,Sun Jan 18 2026 22:12:56 GMT-0800 (Pacific Standard Time)
460,34,/harbinger/25a6d8dd3d3d35d2e6e6b3a15de68569551b9117.png,Hampton Greige,false,2,Sun Jan 18 2026 22:12:56 GMT-0800 (Pacific Standard Time)
461,34,/harbinger/f1890145315afe903719e4a00409431620821e1c.png,Hampton Greige,false,3,Sun Jan 18 2026 22:12:57 GMT-0800 (Pacific Standard Time)
530,35,/harbinger/23619b10f5bf2750cdfdc23f2f5c38e3ac7f5ac5.png,Beach House,true,0,Sun Jan 18 2026 22:13:01 GMT-0800 (Pacific Standard Time)
531,35,/harbinger/1b03bca586672910f2f479a84606478438adb0cf.jpg,Beach House,false,1,Sun Jan 18 2026 22:13:01 GMT-0800 (Pacific Standard Time)
532,35,/harbinger/f1890145315afe903719e4a00409431620821e1c.png,Beach House,false,2,Sun Jan 18 2026 22:13:01 GMT-0800 (Pacific Standard Time)
533,35,/harbinger/e98df34f67c28145c6e853f4e75a03585f320c25.jpg,Beach House,false,3,Sun Jan 18 2026 22:13:01 GMT-0800 (Pacific Standard Time)
526,36,/harbinger/b653c5fa4ff390d8314a5dcba1b37ed76a3d9d6c.png,Perissa,true,0,Sun Jan 18 2026 22:13:00 GMT-0800 (Pacific Standard Time)
527,36,/harbinger/5e4b8de0f14f9b7475f2481b6a17c62906609d14.jpg,Perissa,false,1,Sun Jan 18 2026 22:13:00 GMT-0800 (Pacific Standard Time)
528,36,/harbinger/42aae494cc5eec660f4967cd6dcf195b18c12d77.jpg,Perissa,false,2,Sun Jan 18 2026 22:13:00 GMT-0800 (Pacific Standard Time)
529,36,/harbinger/f1890145315afe903719e4a00409431620821e1c.png,Perissa,false,3,Sun Jan 18 2026 22:13:00 GMT-0800 (Pacific Standard Time)
402,37,/harbinger/0817242dcc9c40e5dd6335ea17ac490fe871993b.jpg,Coventry Spice,true,0,Sun Jan 18 2026 22:12:53 GMT-0800 (Pacific Standard Time)
403,37,/harbinger/39695d66e2934e1c67c22381e4b2704401b3239e.png,Coventry Spice,false,1,Sun Jan 18 2026 22:12:53 GMT-0800 (Pacific Standard Time)
404,37,/harbinger/f1890145315afe903719e4a00409431620821e1c.png,Coventry Spice,false,2,Sun Jan 18 2026 22:12:53 GMT-0800 (Pacific Standard Time)
405,37,/harbinger/bc1fe062b40cf66398b8f91a26b89cb08fb08958.jpg,Coventry Spice,false,3,Sun Jan 18 2026 22:12:53 GMT-0800 (Pacific Standard Time)
406,38,/harbinger/d0f188be3800cedfe2b337cd2ecb9714ac892141.png,Savannah Oak,true,0,Sun Jan 18 2026 22:12:53 GMT-0800 (Pacific Standard Time)
407,38,/harbinger/11320451ee5c8d409efee51cd6d784e15a6f3a3f.jpg,Savannah Oak,false,1,Sun Jan 18 2026 22:12:53 GMT-0800 (Pacific Standard Time)
408,38,/harbinger/f1890145315afe903719e4a00409431620821e1c.png,Savannah Oak,false,2,Sun Jan 18 2026 22:12:54 GMT-0800 (Pacific Standard Time)
409,38,/harbinger/623ef9105ace858b6b696a213dcdef9c0c8ebbb2.jpg,Savannah Oak,false,3,Sun Jan 18 2026 22:12:54 GMT-0800 (Pacific Standard Time)
410,39,/harbinger/3dca2e00a82093f9975e28f1e1ae7b6e3d0dcbc8.jpg,Bonsai Maple,true,0,Sun Jan 18 2026 22:12:54 GMT-0800 (Pacific Standard Time)
411,39,/harbinger/dfb24fa60a6986ab248ac11df939f743d0b893bc.png,Bonsai Maple,false,1,Sun Jan 18 2026 22:12:54 GMT-0800 (Pacific Standard Time)
412,39,/harbinger/f1890145315afe903719e4a00409431620821e1c.png,Bonsai Maple,false,2,Sun Jan 18 2026 22:12:54 GMT-0800 (Pacific Standard Time)
413,39,/harbinger/026227a95d39f7860927222ca41e3f024bba58e3.jpg,Bonsai Maple,false,3,Sun Jan 18 2026 22:12:54 GMT-0800 (Pacific Standard Time)
414,40,/harbinger/32e009a7065c0d2ecc0b505ada6668504871a6ac.jpg,Tumbleweed,true,0,Sun Jan 18 2026 22:12:54 GMT-0800 (Pacific Standard Time)
415,40,/harbinger/534e8211a232cb9ee6b5042d2f10cd3945e79380.jpg,Tumbleweed,false,1,Sun Jan 18 2026 22:12:54 GMT-0800 (Pacific Standard Time)
416,40,/harbinger/26e2fbb4cb3ba2a45a9ddeaac5551b374f5296c0.png,Tumbleweed,false,2,Sun Jan 18 2026 22:12:54 GMT-0800 (Pacific Standard Time)
417,40,/harbinger/f1890145315afe903719e4a00409431620821e1c.png,Tumbleweed,false,3,Sun Jan 18 2026 22:12:54 GMT-0800 (Pacific Standard Time)
418,41,/harbinger/c740083eb007064b72658d37ea14c22402e5e515.jpg,Sienna,true,0,Sun Jan 18 2026 22:12:54 GMT-0800 (Pacific Standard Time)
419,41,/harbinger/136650c0e5de56d9c880770ddd62c86dfffc0498.png,Sienna,false,1,Sun Jan 18 2026 22:12:54 GMT-0800 (Pacific Standard Time)
420,41,/harbinger/2a6c6a7e08ec4ed5199bf53dbf45f9ce48f95220.jpg,Sienna,false,2,Sun Jan 18 2026 22:12:54 GMT-0800 (Pacific Standard Time)
421,41,/harbinger/f1890145315afe903719e4a00409431620821e1c.png,Sienna,false,3,Sun Jan 18 2026 22:12:54 GMT-0800 (Pacific Standard Time)
422,42,/harbinger/40a8c5abf0223e7e1cd7b902a97821347a67493a.jpg,Melbourne,true,0,Sun Jan 18 2026 22:12:54 GMT-0800 (Pacific Standard Time)
423,42,/harbinger/ff644ac7bf224684a327daff3d47b87e08848474.jpg,Melbourne,false,1,Sun Jan 18 2026 22:12:54 GMT-0800 (Pacific Standard Time)
424,42,/harbinger/4ef32a9fa21644a45e226f858a36d0b8ba469f00.jpg,Melbourne,false,2,Sun Jan 18 2026 22:12:54 GMT-0800 (Pacific Standard Time)
425,42,/harbinger/f1890145315afe903719e4a00409431620821e1c.png,Melbourne,false,3,Sun Jan 18 2026 22:12:54 GMT-0800 (Pacific Standard Time)
426,43,/harbinger/805fda222beadd3ad556c8c07c3971d456b13904.jpg,Canberra,true,0,Sun Jan 18 2026 22:12:55 GMT-0800 (Pacific Standard Time)
427,43,/harbinger/5c81f43fbc26a83d2583ce646276ece1ff8af0d3.png,Canberra,false,1,Sun Jan 18 2026 22:12:55 GMT-0800 (Pacific Standard Time)
428,43,/harbinger/b9478ee3b7b2e73a13b54d2c1e6524592e37b700.jpg,Canberra,false,2,Sun Jan 18 2026 22:12:55 GMT-0800 (Pacific Standard Time)
429,43,/harbinger/f1890145315afe903719e4a00409431620821e1c.png,Canberra,false,3,Sun Jan 18 2026 22:12:55 GMT-0800 (Pacific Standard Time)
430,44,/harbinger/9f729f615b7f2d32c62cd29c3253ca37e109059b.jpg,Winton,true,0,Sun Jan 18 2026 22:12:55 GMT-0800 (Pacific Standard Time)
431,44,/harbinger/5fa44ff196c7e15fdd40ad35fcb84f1b162a48af.jpg,Winton,false,1,Sun Jan 18 2026 22:12:55 GMT-0800 (Pacific Standard Time)
432,44,/harbinger/f20464192328029993f89741fb3be71fafb59b98.jpg,Winton,false,2,Sun Jan 18 2026 22:12:55 GMT-0800 (Pacific Standard Time)
433,44,/harbinger/f1890145315afe903719e4a00409431620821e1c.png,Winton,false,3,Sun Jan 18 2026 22:12:55 GMT-0800 (Pacific Standard Time)
434,45,/harbinger/f119e76175a1fa494948f036e2385618c3956bec.jpg,Perth,true,0,Sun Jan 18 2026 22:12:55 GMT-0800 (Pacific Standard Time)
435,45,/harbinger/67a958f793a84e65d780577e212bdffd11d6ba68.png,Perth,false,1,Sun Jan 18 2026 22:12:55 GMT-0800 (Pacific Standard Time)
436,45,/harbinger/ab94505a095a0f004b368bc4792bc529ad4d41ad.jpg,Perth,false,2,Sun Jan 18 2026 22:12:55 GMT-0800 (Pacific Standard Time)
437,45,/harbinger/f1890145315afe903719e4a00409431620821e1c.png,Perth,false,3,Sun Jan 18 2026 22:12:55 GMT-0800 (Pacific Standard Time)
438,46,/harbinger/10eaa4e7062e69456a1ee47d334326bc5a965ffb.jpg,Marla,true,0,Sun Jan 18 2026 22:12:55 GMT-0800 (Pacific Standard Time)
439,46,/harbinger/abed18070d914e654e440af92e3add33cf29a533.jpg,Marla,false,1,Sun Jan 18 2026 22:12:55 GMT-0800 (Pacific Standard Time)
440,46,/harbinger/0d5bb30d51287ec57406017affcbea2e9f94652f.jpg,Marla,false,2,Sun Jan 18 2026 22:12:55 GMT-0800 (Pacific Standard Time)
441,46,/harbinger/f1890145315afe903719e4a00409431620821e1c.png,Marla,false,3,Sun Jan 18 2026 22:12:55 GMT-0800 (Pacific Standard Time)
442,47,/harbinger/a57ad89f156a0b706fd7173425d3f4d5e17233b4.jpg,Cairns,true,0,Sun Jan 18 2026 22:12:56 GMT-0800 (Pacific Standard Time)
443,47,/harbinger/066f2ce3b56d6fd7b33115037190fd3b3dc76529.jpg,Cairns,false,1,Sun Jan 18 2026 22:12:56 GMT-0800 (Pacific Standard Time)
444,47,/harbinger/6ef0a6cd3cbe1d1d40746a1bed6b730c71c357e2.jpg,Cairns,false,2,Sun Jan 18 2026 22:12:56 GMT-0800 (Pacific Standard Time)
445,47,/harbinger/f1890145315afe903719e4a00409431620821e1c.png,Cairns,false,3,Sun Jan 18 2026 22:12:56 GMT-0800 (Pacific Standard Time)
446,48,/harbinger/15928b5db3e4e0c26f7bbf1a31c9614a259f5452.jpg,Brisbane,true,0,Sun Jan 18 2026 22:12:56 GMT-0800 (Pacific Standard Time)
447,48,/harbinger/c1175e0b0154e5140103b8647a3dff1ac639499b.jpg,Brisbane,false,1,Sun Jan 18 2026 22:12:56 GMT-0800 (Pacific Standard Time)
448,48,/harbinger/0d6e66e80c6b649357921c0ef6e683c255078447.jpg,Brisbane,false,2,Sun Jan 18 2026 22:12:56 GMT-0800 (Pacific Standard Time)
449,48,/harbinger/f1890145315afe903719e4a00409431620821e1c.png,Brisbane,false,3,Sun Jan 18 2026 22:12:56 GMT-0800 (Pacific Standard Time)
450,49,/harbinger/ecfb7bae9fe961ae6d91abf4a36f99c68673b3ed.png,Tennessee Hickory,true,0,Sun Jan 18 2026 22:12:56 GMT-0800 (Pacific Standard Time)
451,49,/harbinger/6ceb8b0fe02549167f5959184810fc9b16b2a7a3.jpg,Tennessee Hickory,false,1,Sun Jan 18 2026 22:12:56 GMT-0800 (Pacific Standard Time)
452,49,/harbinger/f1890145315afe903719e4a00409431620821e1c.png,Tennessee Hickory,false,2,Sun Jan 18 2026 22:12:56 GMT-0800 (Pacific Standard Time)
453,49,/harbinger/d7914ba99d23af27f60b791dd5c39b4aae790e14.jpg,Tennessee Hickory,false,3,Sun Jan 18 2026 22:12:56 GMT-0800 (Pacific Standard Time)
454,50,/harbinger/7448db62cfa6281cbaee8e60a60a3d39fc828bce.png,Carolina Spalted Cherry,true,0,Sun Jan 18 2026 22:12:56 GMT-0800 (Pacific Standard Time)
455,50,/harbinger/44712ad0502f1afcdbdf309bbd66e891907ae939.jpg,Carolina Spalted Cherry,false,1,Sun Jan 18 2026 22:12:56 GMT-0800 (Pacific Standard Time)
456,50,/harbinger/f1890145315afe903719e4a00409431620821e1c.png,Carolina Spalted Cherry,false,2,Sun Jan 18 2026 22:12:56 GMT-0800 (Pacific Standard Time)
457,50,/harbinger/1bded1efa02fd49d528121b0862f382f4a0e086f.jpg,Carolina Spalted Cherry,false,3,Sun Jan 18 2026 22:12:56 GMT-0800 (Pacific Standard Time)
462,52,/harbinger/475e899dba9c56fc18b7c2e1fdbd540d34b333aa.jpg,Laurel Oak,true,0,Sun Jan 18 2026 22:12:57 GMT-0800 (Pacific Standard Time)
463,52,/harbinger/046af60e172e51cf5cce1f1b33894902218a8b5d.png,Laurel Oak,false,1,Sun Jan 18 2026 22:12:57 GMT-0800 (Pacific Standard Time)
464,52,/harbinger/ef90d1c3bf5badb9532c6b9a37bee009864fffd1.jpg,Laurel Oak,false,2,Sun Jan 18 2026 22:12:57 GMT-0800 (Pacific Standard Time)
465,52,/harbinger/f1890145315afe903719e4a00409431620821e1c.png,Laurel Oak,false,3,Sun Jan 18 2026 22:12:57 GMT-0800 (Pacific Standard Time)
466,53,/harbinger/fba5212dbb85f0e2e27b3b5d301df488ff23ee78.png,Copenhagen,true,0,Sun Jan 18 2026 22:12:57 GMT-0800 (Pacific Standard Time)
467,53,/harbinger/1dfcb31bee8d3c1029094f45d29c51c34d4e9402.jpg,Copenhagen,false,1,Sun Jan 18 2026 22:12:57 GMT-0800 (Pacific Standard Time)
468,53,/harbinger/13385f3489a6933f78b811d9bacdb00f6f29fc7f.jpg,Copenhagen,false,2,Sun Jan 18 2026 22:12:57 GMT-0800 (Pacific Standard Time)
469,53,/harbinger/f1890145315afe903719e4a00409431620821e1c.png,Copenhagen,false,3,Sun Jan 18 2026 22:12:57 GMT-0800 (Pacific Standard Time)
470,54,/harbinger/384ed778ac0c0e71afadb0d87cbbbd20c1ed7484.jpg,Coastal Fog,true,0,Sun Jan 18 2026 22:12:57 GMT-0800 (Pacific Standard Time)
471,54,/harbinger/916c2862a414b75a1c247d109fcb2b388a00e691.jpg,Coastal Fog,false,1,Sun Jan 18 2026 22:12:57 GMT-0800 (Pacific Standard Time)
472,54,/harbinger/7d7c31b23deb7e4dc3c49d87755b48c7df66898a.jpg,Coastal Fog,false,2,Sun Jan 18 2026 22:12:57 GMT-0800 (Pacific Standard Time)
473,54,/harbinger/f1890145315afe903719e4a00409431620821e1c.png,Coastal Fog,false,3,Sun Jan 18 2026 22:12:57 GMT-0800 (Pacific Standard Time)
474,55,/harbinger/b8593b9babb8c261b66fef44410afba76300ff46.jpg,Bianco,true,0,Sun Jan 18 2026 22:12:57 GMT-0800 (Pacific Standard Time)
475,55,/harbinger/ce3afd09dbf9619dbb2ba8cbcc1e20aff1387c64.png,Bianco,false,1,Sun Jan 18 2026 22:12:57 GMT-0800 (Pacific Standard Time)
476,55,/harbinger/000fac4c8a76ee53eeb0eccca15bf2d9e9eb961e.jpg,Bianco,false,2,Sun Jan 18 2026 22:12:57 GMT-0800 (Pacific Standard Time)
477,55,/harbinger/f1890145315afe903719e4a00409431620821e1c.png,Bianco,false,3,Sun Jan 18 2026 22:12:57 GMT-0800 (Pacific Standard Time)
478,56,/harbinger/04b9ba799e69cf9a6a5c4fe266e63f05e6a4a192.jpg,Nottingham,true,0,Sun Jan 18 2026 22:12:58 GMT-0800 (Pacific Standard Time)
479,56,/harbinger/8b78f1999b459a6567bde9dcdc6d3c31b0fecd3c.png,Nottingham,false,1,Sun Jan 18 2026 22:12:58 GMT-0800 (Pacific Standard Time)
480,56,/harbinger/f1890145315afe903719e4a00409431620821e1c.png,Nottingham,false,2,Sun Jan 18 2026 22:12:58 GMT-0800 (Pacific Standard Time)
481,56,/harbinger/0eca28351be60c2783f69cb1a9596e4ec28c9b5d.jpg,Nottingham,false,3,Sun Jan 18 2026 22:12:58 GMT-0800 (Pacific Standard Time)
482,57,/harbinger/52799a38c3b0b0a13b62973625123d9153ff82a9.png,Sheffield,true,0,Sun Jan 18 2026 22:12:58 GMT-0800 (Pacific Standard Time)
483,57,/harbinger/923fcd1a3dab1218d28ec5ac814efb91a1331621.png,Sheffield,false,1,Sun Jan 18 2026 22:12:58 GMT-0800 (Pacific Standard Time)
484,57,/harbinger/e066a95cf2487e138d0d439965185c0468a8e388.png,Sheffield,false,2,Sun Jan 18 2026 22:12:58 GMT-0800 (Pacific Standard Time)
485,57,/harbinger/f1890145315afe903719e4a00409431620821e1c.png,Sheffield,false,3,Sun Jan 18 2026 22:12:58 GMT-0800 (Pacific Standard Time)
486,58,/harbinger/345c9284d57aa28d793c4af523679862b1ce1d1f.png,Knoxville,true,0,Sun Jan 18 2026 22:12:58 GMT-0800 (Pacific Standard Time)
487,58,/harbinger/6d3b7f371802882e1c22d171538ff86b5ccb23e6.png,Knoxville,false,1,Sun Jan 18 2026 22:12:58 GMT-0800 (Pacific Standard Time)
488,58,/harbinger/562fbfb746d99c218446b94909618e94ec6f862d.png,Knoxville,false,2,Sun Jan 18 2026 22:12:58 GMT-0800 (Pacific Standard Time)
489,58,/harbinger/f1890145315afe903719e4a00409431620821e1c.png,Knoxville,false,3,Sun Jan 18 2026 22:12:58 GMT-0800 (Pacific Standard Time)
490,59,/harbinger/dfb5744f8de3f0b2d4132ecae6f9dfb78dc7e2aa.png,Birmingham,true,0,Sun Jan 18 2026 22:12:58 GMT-0800 (Pacific Standard Time)
491,59,/harbinger/c5ea493746fdd6e4e5f302c90bb813ad6e3a4034.png,Birmingham,false,1,Sun Jan 18 2026 22:12:58 GMT-0800 (Pacific Standard Time)
492,59,/harbinger/bbafe17c1413586150fda5a75c658e66cb694fba.png,Birmingham,false,2,Sun Jan 18 2026 22:12:58 GMT-0800 (Pacific Standard Time)
493,59,/harbinger/f1890145315afe903719e4a00409431620821e1c.png,Birmingham,false,3,Sun Jan 18 2026 22:12:58 GMT-0800 (Pacific Standard Time)
494,60,/harbinger/4f59bb1604dbce7f1229932a78c013c18b123ac9.png,Poole,true,0,Sun Jan 18 2026 22:12:58 GMT-0800 (Pacific Standard Time)
495,60,/harbinger/c5ea493746fdd6e4e5f302c90bb813ad6e3a4034.png,Poole,false,1,Sun Jan 18 2026 22:12:58 GMT-0800 (Pacific Standard Time)
496,60,/harbinger/48ef61170113f8a68f032ddaa4f774a4bf02aa81.png,Poole,false,2,Sun Jan 18 2026 22:12:59 GMT-0800 (Pacific Standard Time)
497,60,/harbinger/f1890145315afe903719e4a00409431620821e1c.png,Poole,false,3,Sun Jan 18 2026 22:12:59 GMT-0800 (Pacific Standard Time)
498,61,/harbinger/a243f30ebdafc7b1d8fb2db53af10ef7b98b8cbd.png,Derby,true,0,Sun Jan 18 2026 22:12:59 GMT-0800 (Pacific Standard Time)
499,61,/harbinger/4c68bbe0923bdd5cd66afdd8d79e5a649a7c23d8.png,Derby,false,1,Sun Jan 18 2026 22:12:59 GMT-0800 (Pacific Standard Time)
500,61,/harbinger/dbf13c0421f68d9719e9505812143aeaeb5c41c0.png,Derby,false,2,Sun Jan 18 2026 22:12:59 GMT-0800 (Pacific Standard Time)
501,61,/harbinger/f1890145315afe903719e4a00409431620821e1c.png,Derby,false,3,Sun Jan 18 2026 22:12:59 GMT-0800 (Pacific Standard Time)
502,62,/harbinger/08c22461cdd357dfec54ce92ba9500c805db6212.png,York,true,0,Sun Jan 18 2026 22:12:59 GMT-0800 (Pacific Standard Time)
503,62,/harbinger/d89ff1f00c3587dfba166ffb63c3697fe9b87c12.png,York,false,1,Sun Jan 18 2026 22:12:59 GMT-0800 (Pacific Standard Time)
504,62,/harbinger/9e1e6dafed2800142f3d68f820e9f301861e46df.png,York,false,2,Sun Jan 18 2026 22:12:59 GMT-0800 (Pacific Standard Time)
505,62,/harbinger/f1890145315afe903719e4a00409431620821e1c.png,York,false,3,Sun Jan 18 2026 22:12:59 GMT-0800 (Pacific Standard Time)
506,63,/harbinger/4b9e81e8f9a57a2525e13e50f8c13dbb44cdca07.png,Chester,true,0,Sun Jan 18 2026 22:12:59 GMT-0800 (Pacific Standard Time)
507,63,/harbinger/53e03746cf9a3f27c5904d7f0d3881e77662d773.png,Chester,false,1,Sun Jan 18 2026 22:12:59 GMT-0800 (Pacific Standard Time)
508,63,/harbinger/a4dfbbecc9d049a6efcad4989125152ef92cf218.png,Chester,false,2,Sun Jan 18 2026 22:12:59 GMT-0800 (Pacific Standard Time)
509,63,/harbinger/f1890145315afe903719e4a00409431620821e1c.png,Chester,false,3,Sun Jan 18 2026 22:12:59 GMT-0800 (Pacific Standard Time)
510,64,/harbinger/2d25e02a5f3fe2bee53844f4539ca98d56d74657.png,Durham,true,0,Sun Jan 18 2026 22:12:59 GMT-0800 (Pacific Standard Time)
511,64,/harbinger/0aa773d0c124238333528a97bb263468232f92cf.png,Durham,false,1,Sun Jan 18 2026 22:12:59 GMT-0800 (Pacific Standard Time)
512,64,/harbinger/2f03fce7e2b18fee55d67ba93ca21af5cb211559.png,Durham,false,2,Sun Jan 18 2026 22:12:59 GMT-0800 (Pacific Standard Time)
513,64,/harbinger/f1890145315afe903719e4a00409431620821e1c.png,Durham,false,3,Sun Jan 18 2026 22:12:59 GMT-0800 (Pacific Standard Time)
514,65,/harbinger/40e83c4f9858ef0710809fc931b1c1f32ee63f62.png,Plymouth,true,0,Sun Jan 18 2026 22:13:00 GMT-0800 (Pacific Standard Time)
515,65,/harbinger/bb23ef923721048f96de8fdd2abb68ef2f1e1d4c.png,Plymouth,false,1,Sun Jan 18 2026 22:13:00 GMT-0800 (Pacific Standard Time)
516,65,/harbinger/fe0b20eba64c12dba379b8b57584f14e5b8021d0.png,Plymouth,false,2,Sun Jan 18 2026 22:13:00 GMT-0800 (Pacific Standard Time)
517,65,/harbinger/f1890145315afe903719e4a00409431620821e1c.png,Plymouth,false,3,Sun Jan 18 2026 22:13:00 GMT-0800 (Pacific Standard Time)
518,66,/harbinger/15ff859fe1bf8f8f7be24e016d02dd9e9221ae96.jpg,Sussex,true,0,Sun Jan 18 2026 22:13:00 GMT-0800 (Pacific Standard Time)
519,66,/harbinger/3d8df0f307432cf16e2622575ca6bfaf866a6573.png,Sussex,false,1,Sun Jan 18 2026 22:13:00 GMT-0800 (Pacific Standard Time)
520,66,/harbinger/f1890145315afe903719e4a00409431620821e1c.png,Sussex,false,2,Sun Jan 18 2026 22:13:00 GMT-0800 (Pacific Standard Time)
521,66,/harbinger/7a7565f4e7746964d0d53d3c2a3d6fb40a5a451d.jpg,Sussex,false,3,Sun Jan 18 2026 22:13:00 GMT-0800 (Pacific Standard Time)
522,67,/harbinger/45f551669e85a62513c778d0619b3b5951de3a6b.png,Cardiff,true,0,Sun Jan 18 2026 22:13:00 GMT-0800 (Pacific Standard Time)
523,67,/harbinger/c28b9e55091c66fe7db8f8e1087399cf29a7e47a.png,Cardiff,false,1,Sun Jan 18 2026 22:13:00 GMT-0800 (Pacific Standard Time)
524,67,/harbinger/1110b99c3c8b50a9e144d84d6d53d1cb8b7944b7.png,Cardiff,false,2,Sun Jan 18 2026 22:13:00 GMT-0800 (Pacific Standard Time)
525,67,/harbinger/f1890145315afe903719e4a00409431620821e1c.png,Cardiff,false,3,Sun Jan 18 2026 22:13:00 GMT-0800 (Pacific Standard Time)
534,70,/harbinger/e6c46b4d9b7aa667610db628883234d37a523f73.jpg,Cumulus,true,0,Sun Jan 18 2026 22:13:01 GMT-0800 (Pacific Standard Time)
535,70,/harbinger/72d181ce3f002e9de634b22a41def5a040a7c1af.png,Cumulus,false,1,Sun Jan 18 2026 22:13:01 GMT-0800 (Pacific Standard Time)
536,70,/harbinger/f1890145315afe903719e4a00409431620821e1c.png,Cumulus,false,2,Sun Jan 18 2026 22:13:01 GMT-0800 (Pacific Standard Time)
537,70,/harbinger/f1c7ccb2b7a25f40644fb238f958c8e8e916efb6.jpg,Cumulus,false,3,Sun Jan 18 2026 22:13:01 GMT-0800 (Pacific Standard Time)
538,71,/harbinger/9f3067f2a24a2086159f6eb5fafe0daba10a3eed.png,Cornwall,true,0,Sun Jan 18 2026 22:13:01 GMT-0800 (Pacific Standard Time)
539,71,/harbinger/4e4bc0cc333df9d40da06887b5d4b869471b9afe.png,Cornwall,false,1,Sun Jan 18 2026 22:13:01 GMT-0800 (Pacific Standard Time)
540,71,/harbinger/8655d0f1e48cb4f338b8fea9056a158bc9053e86.png,Cornwall,false,2,Sun Jan 18 2026 22:13:01 GMT-0800 (Pacific Standard Time)
541,71,/harbinger/f1890145315afe903719e4a00409431620821e1c.png,Cornwall,false,3,Sun Jan 18 2026 22:13:01 GMT-0800 (Pacific Standard Time)
542,72,/harbinger/f0801eba8708feaed089dadcb47b0ba27c78b9ac.jpg,Maduro,true,0,Sun Jan 18 2026 22:13:01 GMT-0800 (Pacific Standard Time)
543,72,/harbinger/17abf1dcc15825285426e3296baa29e929561eff.jpg,Maduro,false,1,Sun Jan 18 2026 22:13:01 GMT-0800 (Pacific Standard Time)
544,72,/harbinger/80a00183ce4bf3d91c78ccc564995228278f26d6.png,Maduro,false,2,Sun Jan 18 2026 22:13:01 GMT-0800 (Pacific Standard Time)
545,72,/harbinger/f1890145315afe903719e4a00409431620821e1c.png,Maduro,false,3,Sun Jan 18 2026 22:13:01 GMT-0800 (Pacific Standard Time)
546,73,/harbinger/930711725a391541e61d76276ed6bd008c27ba91.png,Dublin,true,0,Sun Jan 18 2026 22:13:01 GMT-0800 (Pacific Standard Time)
547,73,/harbinger/9d5d7413e2fded922706ccbc57c999618e524c06.png,Dublin,false,1,Sun Jan 18 2026 22:13:01 GMT-0800 (Pacific Standard Time)
548,73,/harbinger/993661b0e883c238f9a6b8b3159194fe5f9610e3.png,Dublin,false,2,Sun Jan 18 2026 22:13:02 GMT-0800 (Pacific Standard Time)
549,73,/harbinger/f1890145315afe903719e4a00409431620821e1c.png,Dublin,false,3,Sun Jan 18 2026 22:13:02 GMT-0800 (Pacific Standard Time)
550,74,/harbinger/08c606226343ef804b2b2b3f3f4a3561cb49dba3.png,Bantame,true,0,Sun Jan 18 2026 22:13:02 GMT-0800 (Pacific Standard Time)
551,74,/harbinger/8d1de624eb4a264538a6ed0675731893fbad1c8f.png,Bantame,false,1,Sun Jan 18 2026 22:13:02 GMT-0800 (Pacific Standard Time)
552,74,/harbinger/9f20e42ec7e48e6ca7629a79ea228bcf0d0ffb70.png,Bantame,false,2,Sun Jan 18 2026 22:13:02 GMT-0800 (Pacific Standard Time)
553,74,/harbinger/f1890145315afe903719e4a00409431620821e1c.png,Bantame,false,3,Sun Jan 18 2026 22:13:02 GMT-0800 (Pacific Standard Time)
554,75,/harbinger/1befc689110793f7cefd45c16ab06d41f7d26059.jpg,Gobi,true,0,Sun Jan 18 2026 22:13:02 GMT-0800 (Pacific Standard Time)
555,75,/harbinger/10ca1e735839b301849d8b7299b50635ea4371ee.jpg,Gobi,false,1,Sun Jan 18 2026 22:13:02 GMT-0800 (Pacific Standard Time)
556,75,/harbinger/14d4952b475802d9e03777332485173a7af11760.png,Gobi,false,2,Sun Jan 18 2026 22:13:02 GMT-0800 (Pacific Standard Time)
557,75,/harbinger/f1890145315afe903719e4a00409431620821e1c.png,Gobi,false,3,Sun Jan 18 2026 22:13:02 GMT-0800 (Pacific Standard Time)
558,76,/harbinger/0ae98de2b31075b8827a951d9c88c9b5452c21af.jpg,Jakarta,true,0,Sun Jan 18 2026 22:13:02 GMT-0800 (Pacific Standard Time)
559,76,/harbinger/5fc512dfb71f7f14de7dc6ec52acad688683d426.jpg,Jakarta,false,1,Sun Jan 18 2026 22:13:02 GMT-0800 (Pacific Standard Time)
560,76,/harbinger/f3b2e31713bcf5f20df6e7d761999ece732df849.png,Jakarta,false,2,Sun Jan 18 2026 22:13:02 GMT-0800 (Pacific Standard Time)
561,76,/harbinger/f1890145315afe903719e4a00409431620821e1c.png,Jakarta,false,3,Sun Jan 18 2026 22:13:02 GMT-0800 (Pacific Standard Time)
562,77,/harbinger/5e678c52af6917ab0aac22bfc1d275662c66c3ad.png,Exeter,true,0,Sun Jan 18 2026 22:13:02 GMT-0800 (Pacific Standard Time)
563,77,/harbinger/97caf531518714a3f2ce9d48cd6ca673aee5d373.png,Exeter,false,1,Sun Jan 18 2026 22:13:02 GMT-0800 (Pacific Standard Time)
564,77,/harbinger/07dd204791b808aa142ee49b535e2c639bfa0151.png,Exeter,false,2,Sun Jan 18 2026 22:13:02 GMT-0800 (Pacific Standard Time)
565,77,/harbinger/f1890145315afe903719e4a00409431620821e1c.png,Exeter,false,3,Sun Jan 18 2026 22:13:02 GMT-0800 (Pacific Standard Time)
566,78,/harbinger/675a6daf465c22604e1d6d36ef96bd5c731d8f9e.jpg,Paris,true,0,Sun Jan 18 2026 22:13:03 GMT-0800 (Pacific Standard Time)
567,78,/harbinger/e06ab544961bd19fa332f2f8878272ba57bf83a3.jpg,Paris,false,1,Sun Jan 18 2026 22:13:03 GMT-0800 (Pacific Standard Time)
568,78,/harbinger/48c45693400db1edf577a6c1f1a83c09bd42d4bf.jpg,Paris,false,2,Sun Jan 18 2026 22:13:03 GMT-0800 (Pacific Standard Time)
569,78,/harbinger/f1890145315afe903719e4a00409431620821e1c.png,Paris,false,3,Sun Jan 18 2026 22:13:03 GMT-0800 (Pacific Standard Time)
570,79,/harbinger/d400c41b919a47f1b833f0faa78eb82d9122ab12.jpg,Munich,true,0,Sun Jan 18 2026 22:13:03 GMT-0800 (Pacific Standard Time)
571,79,/harbinger/bc16bf7565ad3939127077a298baf4e8c2c50d3f.jpg,Munich,false,1,Sun Jan 18 2026 22:13:03 GMT-0800 (Pacific Standard Time)
572,79,/harbinger/9b6fffb752c2353e0c62d626bec39841a0459d66.jpg,Munich,false,2,Sun Jan 18 2026 22:13:03 GMT-0800 (Pacific Standard Time)
573,79,/harbinger/f1890145315afe903719e4a00409431620821e1c.png,Munich,false,3,Sun Jan 18 2026 22:13:03 GMT-0800 (Pacific Standard Time)
574,80,/harbinger/5b846b99879ff2913dcfa62bad259f53a240c6a1.jpg,"Cambridge 9""",true,0,Sun Jan 18 2026 22:13:03 GMT-0800 (Pacific Standard Time)
575,80,/harbinger/22a2d5eee2ea7b306a4730916c665e97e60a32bf.jpg,"Cambridge 9""",false,1,Sun Jan 18 2026 22:13:03 GMT-0800 (Pacific Standard Time)
576,80,/harbinger/68696199297830859632920fbfa6cd26eae16a41.png,"Cambridge 9""",false,2,Sun Jan 18 2026 22:13:03 GMT-0800 (Pacific Standard Time)
577,80,/harbinger/f1890145315afe903719e4a00409431620821e1c.png,"Cambridge 9""",false,3,Sun Jan 18 2026 22:13:03 GMT-0800 (Pacific Standard Time)
578,81,/harbinger/ea82de70a5728e74217eb7c97e6bd32d8c54c4e9.png,Marengo Grey,true,0,Sun Jan 18 2026 22:13:03 GMT-0800 (Pacific Standard Time)
579,81,/harbinger/6b2f6b3b49df2fc50a635bc80698e19b81553616.png,Marengo Grey,false,1,Sun Jan 18 2026 22:13:03 GMT-0800 (Pacific Standard Time)
580,81,/harbinger/018ead1fe001351077d0f3b57d4cd0bbacc01d39.png,Marengo Grey,false,2,Sun Jan 18 2026 22:13:03 GMT-0800 (Pacific Standard Time)
581,81,/harbinger/f1890145315afe903719e4a00409431620821e1c.png,Marengo Grey,false,3,Sun Jan 18 2026 22:13:03 GMT-0800 (Pacific Standard Time)